patient_id,patient_name,dob,gender
4,Brittany Gallagher,1990-09-15,M
2,Robert Gillespie,1960-05-08,M
3,Joshua Sandoval,1985-01-01,UNKNOWN
5,Chad Schmidt,1953-01-11,F
7,Sara Garrett,1969-12-30,UNKNOWN
8,Brenda Rogers,1940-05-17,F
9,James Morris,2018-12-23,M
10,Unknown,1933-09-02,UNKNOWN
11,Kayla Rivera,1981-10-06,M
12,Jeffrey King,1997-01-31,M
13,Mr. Donald Harrell,1954-11-25,UNKNOWN
14,Crystal Patel,1956-02-14,M
15,Nancy Morton,1937-12-16,UNKNOWN
16,Dillon Hanson,1982-04-06,M
17,Sherry Rush,2001-10-07,M
18,Brent Porter Phd,1987-07-17,F
19,Andrew Scott,1965-10-13,F
20,Tamara Cohen,2019-10-03,F
21,Emily Graves,1998-12-16,M
22,Angela Johnston,1956-06-07,F
23,Stephanie Becker,2019-04-14,UNKNOWN
24,Elizabeth Dixon,1972-07-08,F
26,Connor Brooks,1947-01-05,F
27,Roger Perry,1982-05-21,F
28,Brittany Delgado,1977-07-22,UNKNOWN
29,Joseph Pope,2008-02-18,F
30,Cassandra Sawyer,1965-11-11,F
31,Matthew Warner,2011-04-13,F
32,Unknown,1982-10-03,UNKNOWN
33,Pamela Rodriguez,1977-02-05,M
35,Hannah Hernandez,1985-08-13,UNKNOWN
36,Amanda Mcdowell,1936-06-23,UNKNOWN
37,Nathaniel Hall,1932-02-16,UNKNOWN
39,Jeremy Powers,1994-11-04,M
40,Madeline Clark,1944-12-08,M
41,Jessica Thomas,1946-03-03,UNKNOWN
42,Taylor Gay,2018-05-01,M
43,Angie Clark,1976-05-24,M
44,John Clark,2002-03-28,M
45,Samuel Bray,1970-08-08,M
46,Tonya Smith,1965-11-26,F
47,Mark Roberts,2013-05-13,F
48,Phillip Smith,1957-06-08,M
49,Unknown,1993-02-14,F
50,Michael Russell,2001-07-21,UNKNOWN
51,Troy Edwards,1948-05-12,M
53,Ana Stone,1932-06-30,F
54,Mercedes Mora,1967-02-18,M
55,Carolyn Beck,1989-05-01,M
56,Olivia Stephenson,1945-06-09,M
57,Pamela Simpson,1948-05-03,UNKNOWN
58,Andrew Gentry,1978-12-26,F
59,Taylor Thompson,1939-04-12,F
60,Alexander Jackson,2007-04-10,UNKNOWN
61,Charles Odonnell,1983-08-05,UNKNOWN
62,Shane Vega,1988-09-10,F
63,Kevin Williams,1970-11-30,M
64,Emily Braun,2022-01-11,UNKNOWN
65,Jessica Garner,1942-12-07,M
66,Robert Griffith,1942-01-01,UNKNOWN
67,Unknown,1939-02-25,F
68,Amber Santiago,1938-06-04,F
69,Michael Lowe,1965-09-26,M
70,Jonathan Lawrence,2021-10-28,M
71,Christine Matthews,1999-04-20,UNKNOWN
72,Lisa Nguyen,1978-05-04,UNKNOWN
73,Pamela Beck,1934-07-03,UNKNOWN
74,Timothy Bradley,1963-12-17,F
75,Ryan Davis,1943-11-02,UNKNOWN
76,Marissa George,1964-04-29,F
77,Leah Young,1940-03-15,M
78,Amy Cook,1944-07-15,UNKNOWN
80,Joseph Flores,1992-06-20,UNKNOWN
81,Dennis Fleming,1943-08-03,M
82,Ashley Foley,2022-11-04,M
83,Susan Roberts,2001-01-24,UNKNOWN
84,Shawn Wilson,1928-11-29,M
85,Jared Gutierrez,1951-11-08,UNKNOWN
86,Edward Guzman,1956-08-24,UNKNOWN
87,Deborah Barnett,1994-06-05,M
88,Daniel Smith,1959-10-04,M
89,Lisa Reynolds,1991-04-08,UNKNOWN
90,Joanna Rush,2026-01-20,M
91,Laurie Bryant,2023-02-23,UNKNOWN
92,Christy Brooks,2010-11-20,UNKNOWN
93,Katherine Jackson,1932-09-02,F
94,Mark Bean,1973-05-14,UNKNOWN
95,Madison Hernandez,1975-08-18,M
96,Shawn Watson,1932-05-29,F
97,Amanda Stone,1965-05-07,F
98,Dr. Russell Hughes,1978-04-05,F
99,William Lawson,1990-06-04,F
100,Stacey Wilson,1934-05-21,UNKNOWN
101,Ms. Christina Williams,2026-05-31,UNKNOWN
102,Pamela Campbell,1929-01-22,F
103,David Lara,2011-06-20,M
104,George Roman Dvm,2025-08-21,F
105,William Brown,1960-02-29,UNKNOWN
106,Julie Nelson,1958-03-15,M
107,Raymond Shepard,1955-01-25,M
108,Kelly Gonzalez,1963-05-16,F
110,Jonathon Nunez,2004-11-18,M
111,Nicholas Williams,1961-03-04,UNKNOWN
112,Laura Fox,1956-08-06,M
113,Kevin Rodgers,1999-03-25,M
114,Timothy May,2015-05-24,UNKNOWN
115,Raymond Simpson,1985-08-13,UNKNOWN
116,Steven Finley,1970-10-20,UNKNOWN
117,Christopher Greer Md,1966-08-10,F
118,Elizabeth Roberts,1976-10-06,M
119,Barbara Fry,1927-01-06,UNKNOWN
120,Mr. Robert Smith,1955-10-22,F
121,Kim Clarke,2021-09-11,F
122,Jennifer Fields,1995-12-07,F
123,Daniel Lopez,1984-03-27,UNKNOWN
124,Steven Avila,1943-09-09,F
125,Jeffrey Gibbs,1940-05-16,M
126,Tammy Brown,1997-06-27,M
127,Sherry Snyder,1943-03-14,M
128,David Ferguson,2006-09-24,UNKNOWN
129,Christina Vazquez,2019-01-06,M
131,Jacqueline Lozano,2012-07-17,M
132,Elizabeth Reese,1931-04-19,UNKNOWN
133,Terry Thompson,1958-05-12,F
134,Joseph Jordan,1944-02-07,F
135,Amanda Harper,1993-09-12,M
136,Unknown,1994-06-29,M
137,Lisa Grant,1942-03-26,M
138,Joseph Landry,1968-02-28,UNKNOWN
139,Nicholas Shannon,1965-05-12,UNKNOWN
140,Mrs. Heather Johnson Dds,1932-10-12,M
141,Jonathan Campbell,1979-05-10,F
142,Elizabeth Hall,1987-11-25,F
143,Alexander Mccoy,1955-08-27,UNKNOWN
144,Aaron Nichols,2025-09-06,M
146,Bradley Jenkins,1939-08-01,UNKNOWN
148,Tyrone Collins,1933-04-30,M
149,Leon Thomas,2015-06-08,F
150,Candice Kelly,1986-10-16,F
151,Tyler Steele,1951-01-26,UNKNOWN
153,Michael Suarez,1984-04-25,UNKNOWN
154,Kyle Swanson,2016-08-16,F
155,Sandra Anderson,2010-01-15,F
156,Calvin Brown,1983-04-10,UNKNOWN
157,Jessica Collins,1967-10-25,M
158,Barbara Golden,1963-10-29,F
159,Julie Harper,1969-12-13,UNKNOWN
160,Corey Moore,1975-05-23,F
161,Rachel Nichols,1979-10-12,UNKNOWN
162,Deborah Johnson,1980-10-10,UNKNOWN
163,Timothy Thompson,1931-02-07,F
164,Samantha Collier,2016-01-04,UNKNOWN
165,Briana Johnson,2015-09-19,UNKNOWN
166,Stephen Hernandez,1952-10-15,F
167,Joshua Garcia,1935-02-26,F
170,Mary Brown,1987-06-27,UNKNOWN
171,Christopher Park,1930-08-16,UNKNOWN
172,Danielle Villa,1986-05-27,M
173,Gabriel Mitchell,1951-09-13,F
174,Michael Vega,1965-05-21,F
175,Sabrina Greene,1990-11-21,UNKNOWN
176,Sara Mcmillan,1986-07-02,UNKNOWN
177,Tiffany Oneal,1939-08-25,UNKNOWN
180,Sandra Morris,1940-10-05,M
181,Sarah Johnson,2017-12-19,UNKNOWN
182,Kelly Myers,2014-10-12,UNKNOWN
183,Veronica Baker,1950-08-18,M
184,Elizabeth Mccoy,1945-04-09,M
185,Amanda Williams,2016-10-08,UNKNOWN
186,Terry Gomez,1998-11-01,F
187,Timothy May,1961-08-12,F
188,Justin Phelps,1976-08-14,M
189,Craig Davis,2004-08-18,UNKNOWN
190,Catherine Hart,1988-09-20,F
192,Robert James,1926-07-06,F
193,Unknown,1940-09-22,UNKNOWN
194,Michael Brown,2005-06-29,F
195,Sara Allen,1943-09-22,M
196,Lauren Russell,1984-02-03,UNKNOWN
197,Taylor King,2004-06-15,F
198,Carolyn Jones,2014-05-31,UNKNOWN
199,Brittany Frye,2010-05-06,M
200,Cody Hopkins,1982-11-15,UNKNOWN
201,Cory Jackson,1940-11-23,F
202,Raymond Moore,2002-10-30,UNKNOWN
203,Brenda Wright,2000-09-29,UNKNOWN
204,Matthew Hamilton Ii,1988-03-11,UNKNOWN
205,Arthur Shields,1954-01-04,M
206,Jeffery Knox,1935-01-04,UNKNOWN
207,Jordan Swanson,1930-06-04,F
208,Gregory Hanson,1961-10-19,F
209,Wanda Smith,2002-06-25,M
210,Lawrence Collins,1953-09-21,F
211,Shannon Carroll,2017-11-05,M
212,Mrs. Olivia Sandoval,1982-03-13,F
213,Kristina Mathews,2022-05-05,F
215,Mary Landry,1945-10-11,M
216,Erin Herrera,2021-10-11,M
218,Destiny Montgomery,2007-08-16,UNKNOWN
219,Christopher Mcknight,2007-01-10,F
220,Michelle Craig,2024-11-11,F
221,Timothy Fernandez,1975-08-27,M
222,Jeffrey Austin,1975-11-07,F
223,Jody Watts,1968-03-08,UNKNOWN
224,Kenneth Martin,2006-05-10,M
225,Jasmine Lewis,1929-12-12,F
226,Isabella Young,1982-10-19,F
227,Kimberly Velez,2022-05-26,UNKNOWN
228,Brandy Peterson,1935-02-20,M
229,Kristen Sanchez,2000-09-02,F
230,Barbara Huber,1937-07-29,M
231,Michelle Joyce,2022-11-23,UNKNOWN
232,William Rocha,1988-08-01,UNKNOWN
233,Sarah Sanchez,2025-03-19,F
234,Andrew Jackson,1966-02-24,F
235,Samantha Blevins,1985-11-23,M
236,Kimberly Williams,1979-07-13,UNKNOWN
237,Karen Smith,1964-10-07,M
239,Unknown,1943-04-30,UNKNOWN
240,Kelly Campbell,2023-10-14,M
241,Melissa Lewis,1982-02-03,M
243,Travis Martin,1988-03-04,M
244,Aaron Wilcox,1966-09-16,M
245,Jeffrey Mosley,1949-10-28,F
246,Sean Glenn,1933-08-18,F
247,Ryan Rojas,2006-02-24,M
248,Hannah Thomas,1961-12-05,M
249,Dalton Rose,1970-08-23,UNKNOWN
250,Linda Patterson,1998-12-20,F
251,John Moore,1946-03-28,F
252,Nancy Dalton,1959-02-16,F
253,Laura Bowman,1962-11-29,F
254,Derek Mccarthy,1938-06-17,F
255,Kathleen Jones,1965-07-24,UNKNOWN
256,Amanda Lee,1930-03-18,UNKNOWN
257,Karina Sanders,2012-08-30,UNKNOWN
259,Jesse Harris,1981-07-12,M
260,Susan Lewis,1952-01-08,UNKNOWN
261,Anna Vargas,1970-10-09,UNKNOWN
262,Amber Gonzalez,2002-11-29,UNKNOWN
263,Patricia Martinez,2003-08-09,F
264,Christopher Mcconnell,1991-07-09,M
265,Scott Moore,1980-03-03,F
266,Unknown,2000-09-24,UNKNOWN
268,Holly Fowler,1974-07-13,UNKNOWN
269,Travis Liu,1997-03-16,F
270,Dr. Bruce Schultz Dds,1977-04-05,M
271,Tiffany Pierce,2026-03-07,M
272,Paul Becker,1984-01-18,F
273,Wendy Mendez,1973-07-31,UNKNOWN
274,Rachel Osborn,1946-10-10,M
275,David Cordova,1961-10-26,F
276,Unknown,2002-02-10,UNKNOWN
277,Allen Davila,1926-04-30,UNKNOWN
278,Jeremy Cobb,1952-06-03,M
279,Michael Gray,2005-09-12,UNKNOWN
280,John Shah,1940-05-06,F
281,Nathaniel Hernandez,1937-11-21,M
282,Suzanne Brown,2013-04-03,M
284,Michael White,2026-02-23,UNKNOWN
285,Sharon Smith,1984-08-06,F
286,Amy Gonzalez,1944-04-13,M
287,Adam Myers,1997-03-31,F
288,Elizabeth Vazquez,1958-07-24,UNKNOWN
289,Morgan Welch,2007-08-02,UNKNOWN
290,Katherine Orozco,1938-10-12,F
291,Denise Mcfarland,1940-12-07,UNKNOWN
292,Diana Bartlett,1976-02-11,F
293,Robert Smith,1969-08-01,UNKNOWN
294,Clayton Webb,1959-12-17,M
295,James Harris,1950-06-20,M
296,Alexander Walker,1960-05-20,F
297,David Ortega,1975-10-13,UNKNOWN
298,Stacey Wallace,1931-11-16,M
299,Margaret Mcmillan,1961-02-23,M
301,Tammie Jackson,2004-03-29,F
302,Christopher Nash,1965-01-14,UNKNOWN
303,Robyn Diaz,2015-01-10,UNKNOWN
304,Sara Edwards,2023-04-03,UNKNOWN
305,Julie Spencer,1994-11-18,F
306,Jerry Aguilar,1971-10-30,M
307,Dana Jones,2005-06-24,UNKNOWN
308,Jaime Turner,1927-11-24,F
309,Alvin Graham,1941-03-08,UNKNOWN
310,Unknown,1948-03-22,M
311,Valerie Beasley Dvm,2003-09-14,M
312,Nicole Tucker,1933-05-09,F
313,Timothy Carter,2015-08-01,UNKNOWN
314,Bradley Rosario Md,1942-09-04,M
315,Brittney Oliver,1956-08-10,F
316,Brandy Harper,1965-08-03,M
317,Laura Everett,1996-03-31,F
318,Unknown,1951-05-10,M
319,Cynthia Dean,1930-10-19,UNKNOWN
320,Mrs. Michelle Hill,1959-06-25,F
321,Michael Short,2004-02-13,F
322,Samantha Jones,2023-01-13,F
323,Jennifer Martin,2012-11-13,M
324,Christopher Harrell,2016-07-25,UNKNOWN
325,Unknown,2008-12-11,F
326,Ryan Cameron,1975-08-20,M
327,Paul Mcmahon,1965-09-19,UNKNOWN
329,David York,2013-09-19,M
332,Kathryn Rosario,1989-04-13,M
333,Mark Hodge,2012-04-28,F
334,Nicole Mcfarland,1929-08-13,F
335,Bryan Snyder,1976-02-27,UNKNOWN
336,Unknown,1988-04-04,M
337,Michael Trujillo,1998-02-18,M
338,Shawn Ayala,1965-10-30,UNKNOWN
339,Tanner Mills,1928-06-30,F
340,Benjamin Harvey,1990-09-24,UNKNOWN
342,Jennifer Yates,2021-02-07,M
344,Christopher Moreno,2025-07-26,M
345,Amy Jenkins,2007-06-21,M
346,Marcus Johnson,1972-11-24,M
347,Jennifer Werner,1960-04-03,M
348,Michael Russell,1996-05-03,F
349,Valerie Moss,1968-07-23,F
350,Unknown,2012-04-10,UNKNOWN
351,Calvin Burke,1928-03-07,UNKNOWN
352,Emily Mitchell,1951-07-04,UNKNOWN
354,Lisa Stone,1946-04-25,UNKNOWN
356,Justin White,1966-04-15,UNKNOWN
357,Casey Ford,1987-04-19,M
359,Unknown,1941-06-12,F
361,Bradley Rodriguez,1980-07-03,F
362,John Mitchell,1966-02-04,UNKNOWN
363,Michael Williams,1987-07-09,UNKNOWN
364,Unknown,1960-02-12,M
365,Kathleen Park,1966-06-06,F
366,Anthony Arnold,2023-05-12,F
367,Unknown,1928-05-09,UNKNOWN
368,Lydia Brown,1975-09-22,M
369,Willie Hunt,1938-10-14,UNKNOWN
370,Randy Contreras,2016-01-31,UNKNOWN
371,Keith Andrews,2011-12-12,UNKNOWN
373,Stephanie Martinez,1945-12-10,F
374,Curtis Davis,1947-11-27,UNKNOWN
375,Christian Wilson,1986-11-23,F
377,Brett Brown,1984-11-26,F
378,Amanda Nelson Md,1935-03-31,F
379,Emma Davidson,1960-09-25,UNKNOWN
380,Alexis Wright,1957-01-07,M
381,Robert Lawson,1973-11-02,M
382,Unknown,1931-03-11,UNKNOWN
383,Ms. Nicole Dean Phd,1954-08-18,F
384,Gregg Harrison,1969-04-06,M
385,Rebecca Wright,2011-01-17,F
386,Tricia Hoffman,1969-12-02,M
387,Joan Duncan,1940-09-15,F
388,Latoya Wallace,1972-11-25,M
389,Jason Hamilton,1973-12-31,M
390,Darrell Delacruz,1953-02-10,UNKNOWN
391,Stephanie Thomas,1947-09-19,UNKNOWN
392,Brooke Maldonado,1929-06-21,M
393,Michael Nelson,1973-01-27,F
394,Ian Perkins,1982-08-30,F
396,Kimberly Carter,1969-10-07,F
398,Vincent Kelly,1981-04-17,M
399,Alice Pittman,1959-09-22,F
400,Daniel Zimmerman,2016-04-23,F
401,Allison Moore,1956-06-05,F
402,Rachel Griffin,1996-03-15,UNKNOWN
403,Michael Johnson,2024-04-13,F
404,Charles Rogers,1998-04-24,F
405,Charles Hudson,1942-05-15,F
406,Kenneth Hester,2016-02-13,UNKNOWN
407,Matthew Castillo,1961-09-21,M
408,Paula Flores,1946-06-18,M
409,Catherine Gonzalez,1934-05-21,UNKNOWN
410,Michael Potts,1955-06-07,UNKNOWN
411,Susan Martin,1964-03-04,UNKNOWN
412,Mary Tucker,2006-04-12,F
413,Scott Lopez,2021-02-23,M
414,Sarah Bradley,2015-12-12,M
415,Charles Mccoy,2014-06-19,UNKNOWN
416,Tracy Williams,2004-08-20,UNKNOWN
417,Leslie Cunningham,1959-07-29,F
418,April Clarke,1943-09-26,UNKNOWN
419,Kathy House,1966-01-05,M
420,Annette Pena,1963-04-24,UNKNOWN
421,Kyle Horton,2020-07-19,M
422,Jesse Hester,1962-12-12,M
423,Susan Perry,2001-09-26,M
424,Unknown,1953-01-21,M
425,Greg Garcia Dds,1967-10-28,F
426,Allison Lewis,2018-05-10,F
427,Frank Simpson,1941-04-28,UNKNOWN
429,Sara Reeves,1999-05-06,M
431,Sara Ward,1953-08-29,UNKNOWN
432,Diane Casey,2012-06-16,UNKNOWN
433,John Bennett,1974-11-04,M
434,Bruce Roberts,2021-05-14,M
435,Samantha Leach,1998-12-28,M
436,Christine Lee,1993-02-18,M
437,Hannah Clark,1953-08-16,F
438,Nichole Ellis,1991-08-03,UNKNOWN
439,Elizabeth Brown,2009-05-21,UNKNOWN
440,Tammie Pierce,2022-10-04,M
441,Amanda Mullins,1968-11-19,M
442,Cathy Castro,1958-06-15,M
443,Randy Andrews,1993-08-19,M
444,Ryan Cox,1945-03-18,UNKNOWN
445,Unknown,2009-04-09,M
446,Kevin Chambers,1934-07-29,F
447,Lawrence Payne,1958-06-22,UNKNOWN
448,Ashley Hernandez,1992-10-10,F
449,Maureen Perkins,2015-05-24,F
450,Danielle Lewis,2004-01-09,M
451,Unknown,1958-10-11,UNKNOWN
452,Tyler Erickson,1934-01-10,UNKNOWN
453,Linda Murray,1996-10-13,M
454,Samantha Krause,1964-11-20,M
455,Destiny Matthews,1968-07-03,M
456,Dr. Mark Stevens Dds,1957-10-06,F
458,Elizabeth Hensley,1973-05-15,UNKNOWN
459,Thomas Olson,1964-02-10,UNKNOWN
460,Douglas Collins,1950-07-09,F
462,Sergio Ramos,1954-01-11,M
463,Jim Lopez,1965-02-09,UNKNOWN
464,Lauren Yoder,1997-12-06,M
465,Deanna Hanson,1951-12-24,M
466,Anna May,1969-08-22,F
467,Laura Burgess,1942-09-28,M
468,Caleb Hart,2003-10-04,F
469,Michael Avila Md,1985-10-11,UNKNOWN
470,Danny Schmidt,1999-09-01,M
471,Unknown,1927-08-21,M
472,Robin Campbell,1940-01-02,F
473,Tiffany Horton Dvm,1964-11-23,M
474,James Castro,1953-07-16,M
476,Miss Pamela Underwood,2011-06-26,F
477,Jack Gomez,1928-01-09,M
478,Alicia Webster,1932-09-02,UNKNOWN
479,Brian Brown,1986-07-04,F
480,Thomas Wiley,1994-09-19,UNKNOWN
481,Andre Savage,1936-04-21,UNKNOWN
482,Anthony Smith,1973-05-26,M
484,Joseph Vazquez,1976-03-05,M
486,Crystal Austin,1981-05-23,UNKNOWN
487,John Ware Jr.,2023-11-21,UNKNOWN
488,Jacqueline Hernandez,1986-05-20,M
489,Edward Andrews,1949-09-05,F
490,Roberto Coleman,1940-07-17,UNKNOWN
492,Gregory Sanders,1976-04-10,UNKNOWN
493,Sandra Cooper,1975-07-08,UNKNOWN
494,Kathryn Martinez,1998-10-04,UNKNOWN
495,Sabrina Tyler,1938-10-05,M
496,Richard Yates,1991-05-08,F
497,Renee Marshall,1961-05-01,F
498,Teresa Wilson,2022-07-16,F
499,James Lee,1936-09-28,F
501,Justin Dickerson,1926-01-09,M
502,Michelle Mclaughlin,2010-02-15,F
503,Charles Gonzalez,1993-12-12,UNKNOWN
504,Sonya Perez,1981-08-07,F
506,Sandra Mcclure,2016-04-02,UNKNOWN
507,David Gilbert,1984-05-15,UNKNOWN
508,Paul White,1978-04-06,M
509,Laurie Watson,2000-07-30,UNKNOWN
510,Julie Kelly,2006-04-06,M
511,Nicholas Park,1930-10-10,F
512,Patrick Griffith,1940-09-16,F
513,Benjamin Harris,1993-08-30,UNKNOWN
514,Lynn Miller,1989-12-27,M
515,Unknown,1932-09-01,M
516,Unknown,1973-04-10,F
517,Rachel Pena,1999-04-03,F
518,Stephen Cantu,2006-11-25,UNKNOWN
520,Lori Walters,1935-11-14,M
521,Kirsten Tucker,2015-07-27,UNKNOWN
522,Randy Alvarado,1993-08-07,F
523,Mary Phillips,1960-01-03,F
524,Unknown,2014-12-25,F
525,Unknown,2007-08-27,UNKNOWN
526,Mary Sharp,1959-01-23,F
527,Phillip Stanton,1981-07-26,M
528,Katherine Walton,2025-08-12,F
529,Earl Hines,1952-02-14,F
530,James Quinn,1949-06-16,M
531,Teresa Davidson,1930-08-27,F
532,Larry Ramirez,2009-11-16,F
533,Cheyenne Simmons,1933-06-10,F
534,Ruth Johnson,1987-03-17,F
536,Monica Lopez,2023-01-04,M
537,John Hardy,2017-03-19,M
538,William Davis,1933-01-31,M
539,Eric Zhang,1980-05-05,UNKNOWN
540,Glen Holmes,1983-04-30,M
541,Christopher Reed,1997-04-28,M
542,Amber Johnson,2006-11-03,UNKNOWN
543,Ashley Jones,1941-12-31,UNKNOWN
544,Angela Foster,2018-02-22,M
545,Samuel Rogers,1932-06-10,UNKNOWN
546,Hannah Chambers,1989-10-27,M
547,Kim Pierce,1935-12-19,M
548,Justin Murphy,1944-04-29,F
549,Deborah Page,1929-03-09,F
550,Patrick Coleman,1930-06-22,F
551,Jason Kelly,1999-08-12,UNKNOWN
552,Kristina Moore,2003-12-21,UNKNOWN
553,Charlene Cameron Md,1980-08-29,M
554,Brian Barr,1945-12-03,M
555,Emily Martin,2024-08-30,M
556,Dawn Garcia,1996-09-20,UNKNOWN
557,Kristi Coleman,1968-02-07,M
558,James Rogers,2014-04-21,F
559,Shelby Anderson,1989-04-04,UNKNOWN
560,Karen Hall,1981-11-07,F
561,Richard Winters,1933-02-11,F
562,Jerry Williamson,1953-10-21,M
563,Matthew Stephenson,2006-03-30,UNKNOWN
564,Evan Sanchez,1942-06-10,M
565,Meredith Rosales,1981-12-28,M
566,Craig Carter,1973-06-16,M
567,Michael Butler,1975-02-03,UNKNOWN
568,Ronald Sheppard,1968-08-15,M
569,Mario Watson,1945-05-09,F
570,Bryan Moore,1960-06-03,UNKNOWN
571,Daniel Banks,2008-05-25,M
572,Justin Hernandez,2013-09-05,F
573,Connie Lynn,1977-08-03,M
574,Heather Gutierrez,1987-12-13,F
575,Philip Haynes,2004-10-20,F
576,Eric Higgins,1981-07-27,F
577,Lori Howell,1989-02-03,M
578,Shelby Armstrong,2009-11-30,UNKNOWN
579,Mrs. Courtney Mitchell,1950-08-03,UNKNOWN
580,Sarah Mitchell Md,1952-09-02,F
581,Brittany Munoz,1939-01-29,M
583,Michael Washington,2014-05-20,UNKNOWN
585,Julie Olson,1927-07-13,UNKNOWN
586,Stacey Morgan,1969-08-11,M
587,Margaret Dorsey,1932-03-09,M
588,Melissa Williams,1929-05-19,UNKNOWN
589,Kathleen Fernandez,1995-09-29,UNKNOWN
590,Ashley Stephens,2018-12-13,F
591,Kathleen Walker,1956-07-03,M
592,Unknown,1939-09-16,UNKNOWN
593,Unknown,1951-08-25,M
594,Unknown,2007-06-18,UNKNOWN
595,Jennifer Rowe,1931-11-27,M
596,Susan Levine,1968-07-28,M
597,William Hancock,1994-08-03,M
598,Tammy Sherman,1947-06-02,F
599,Melissa Haynes,2003-11-09,M
600,Kelly Henson,1973-12-06,UNKNOWN
601,Matthew Vance,2014-11-04,F
603,Joan Rodgers,1980-01-22,M
605,Daniel Pitts,1959-12-07,F
606,Laura Galloway Md,1944-02-29,F
607,Jillian Davis,1993-10-04,F
608,Aaron Smith,2013-04-16,M
609,Unknown,1999-06-18,M
610,Rebekah Clark,2009-04-27,UNKNOWN
611,David Clarke,1938-09-05,UNKNOWN
612,Cheryl Patel,1972-02-06,UNKNOWN
613,April Davis,2001-08-15,UNKNOWN
614,John Callahan,2017-09-15,M
615,Jeremy Palmer,1980-02-03,F
616,Julia Harper,1974-05-24,F
617,David Miller,2024-01-07,UNKNOWN
618,John Holloway,1953-12-17,UNKNOWN
619,Amy Robinson,1961-02-24,UNKNOWN
621,Mary Garcia,1933-01-12,F
622,Samuel Bond,2010-06-28,UNKNOWN
623,Susan Byrd,2024-06-24,M
624,Gregory Fox,2014-02-27,M
625,Teresa Meyer,1955-08-01,M
626,Jesus Ramirez,1995-10-24,M
627,Betty Palmer,2010-11-01,M
628,Justin Bray,1939-06-30,UNKNOWN
629,James Anderson,2017-03-26,F
630,Unknown,1952-08-18,M
631,Victoria Bradley,2004-02-17,M
632,Shawn English,1980-07-01,UNKNOWN
633,James Torres,1934-01-04,UNKNOWN
634,Holly Barron,2008-06-02,F
635,Caroline Rivera,1933-08-24,M
636,Morgan Peterson,1943-04-28,M
637,Eric Sanders,2002-09-24,UNKNOWN
638,Yvonne Richardson,1947-09-04,UNKNOWN
639,Mindy Williams,1957-11-09,M
640,Jennifer Johnson,1938-05-26,F
641,James Smith,1970-08-18,UNKNOWN
642,Megan Gibson,2025-09-15,M
643,Sean Moore,1979-01-21,F
644,James Stark,1925-07-24,UNKNOWN
645,Jennifer King,1938-01-20,F
646,Edward Thompson,1948-08-18,UNKNOWN
647,Ms. Laura Short,1970-06-05,UNKNOWN
648,Ebony Flores,1989-06-12,UNKNOWN
649,David Austin,2014-11-12,F
650,Amy Johnson,2005-11-29,UNKNOWN
651,Richard Glass,2017-09-15,UNKNOWN
653,Nicole Cherry,1973-02-16,UNKNOWN
655,Denise Williams,1973-04-27,M
656,Philip Martin,1971-01-20,F
657,Jimmy Garner,1929-09-16,UNKNOWN
658,Natalie Malone,1963-05-20,F
659,Debra Stokes,1940-08-03,M
660,Kelly Allen,2013-01-07,UNKNOWN
661,Jason Wilson,1927-02-13,F
662,Douglas Rios,1958-05-22,UNKNOWN
663,Unknown,2009-08-19,M
664,Tara Craig,1972-04-10,UNKNOWN
665,Mrs. Melissa Ramos Md,1998-09-12,UNKNOWN
666,Melissa Watts,1937-05-07,UNKNOWN
667,Brittany Powell,1987-09-20,UNKNOWN
668,Mark Johnson,1981-01-18,UNKNOWN
669,Heather Anderson,1932-07-07,F
670,Unknown,2009-07-05,M
671,Lauren Henry,1965-04-25,M
672,James Alexander,2009-05-10,UNKNOWN
673,Albert Hogan,1979-02-05,UNKNOWN
674,Michael Arellano,1929-08-14,UNKNOWN
675,Unknown,1925-11-05,UNKNOWN
677,Michelle Rogers,1954-01-30,F
678,Kevin Gardner,2006-03-18,F
679,Angela Gould,1978-11-21,F
680,Michael Harris,2012-12-16,UNKNOWN
681,Evelyn Hudson,1964-12-01,F
682,Brandi Macias,1951-04-06,F
683,Derrick Cardenas,1961-10-25,UNKNOWN
684,Thomas Burton,2010-12-29,M
685,Christina Allen,1948-12-03,M
688,Samuel Branch,2010-12-19,M
689,Erika Rojas,1997-11-15,UNKNOWN
690,Ronald Evans Jr.,1945-12-11,M
691,Julie Newman,1949-10-08,UNKNOWN
693,Sarah Townsend,1963-02-04,M
694,Kristen Hill,1944-03-17,F
695,Austin Stone,2015-12-26,M
696,Unknown,1975-01-01,F
697,Randy Wilkerson,2011-09-04,M
698,Willie Rogers,1996-09-01,M
699,Julie Miller,1993-03-15,F
700,Carla Hess,1982-08-28,M
701,Elizabeth Williamson,1939-04-06,M
702,Christopher Stone,1967-03-07,M
703,Julie Hayes Md,1994-02-07,UNKNOWN
705,Ashley Dixon,1959-07-26,UNKNOWN
706,Wendy Roberts,2025-11-24,M
707,Ronald Powell,2011-03-29,UNKNOWN
708,Alexander Sellers,2006-08-26,UNKNOWN
709,Miranda Clark,2016-05-17,UNKNOWN
710,Jimmy Lam,1975-02-18,F
711,Joyce Baker,1943-03-30,F
712,Shannon Washington,1967-01-31,M
713,Eric Mcdonald,1981-11-16,F
714,Michael Gregory,1969-07-14,M
715,Raymond Keller,1984-06-18,M
716,Zoe Dean,1931-02-12,UNKNOWN
717,William Gutierrez,1995-07-20,F
718,Zachary Meyer,1981-09-12,M
719,Dustin Henry,1971-06-09,M
720,Noah Martinez,2004-07-18,UNKNOWN
721,Jeffrey Fuller,2020-04-25,M
722,Rebecca Petty,2023-12-02,F
724,Michelle Mendoza,1999-02-03,F
725,Riley Knight,1940-02-26,F
726,Andrew Porter,1953-04-16,M
727,Megan Cowan,1932-01-14,M
728,Jimmy Brown,1977-12-12,M
729,Eric Shah Ii,1993-06-27,M
730,Angela Ortega,1932-01-26,UNKNOWN
731,Jacqueline Webster,1973-01-22,UNKNOWN
732,Unknown,2015-03-09,M
733,Micheal Robinson,1986-07-25,UNKNOWN
734,Mark Rodriguez,1927-11-11,M
735,Thomas Martin,2020-02-07,UNKNOWN
736,Penny Turner,2009-01-23,F
737,Collin Burns,1928-11-15,F
738,James Brown,1944-07-22,UNKNOWN
739,Robert Rodriguez,1988-01-24,F
740,Jesse Mcintosh,1994-07-08,F
741,Zachary Haley,1930-09-05,UNKNOWN
744,Lisa Roth,2023-04-16,M
745,Hector Wilkinson,1930-09-14,M
746,Carmen Jones,2002-01-07,M
747,John Norris,1935-11-25,M
748,Lisa Weiss,2009-01-11,F
749,James Thomas,2013-12-26,F
750,Blake Walsh,1956-02-24,M
751,William Barry,2006-01-23,F
752,William Macdonald,2017-08-22,UNKNOWN
753,Linda Lyons,1994-05-18,UNKNOWN
754,Jonathan Chase,1989-11-15,F
755,Robert Walker,1985-11-29,F
756,Anthony Morales,1938-07-31,M
758,Alexandra Brown,1960-11-14,M
759,Jessica Roman,1995-11-26,UNKNOWN
761,Brian Delgado,1980-01-23,M
762,Michael Ross,1973-03-07,M
763,Peter Walker,1936-08-12,F
764,Pamela Ward,1976-04-05,M
766,Bailey Potter,1944-08-15,F
767,Kimberly Douglas,2006-09-18,F
768,Gregory Livingston,1963-06-23,M
769,Deanna Lewis,2025-06-18,UNKNOWN
770,Jessica Wheeler,1989-03-02,F
771,James Mosley,2015-10-02,M
772,Mrs. Amanda Davis Dvm,1965-06-27,M
773,Sonia Bond,1996-11-03,F
774,Juan Hernandez,2013-05-21,F
775,Unknown,1970-07-31,F
776,April Fischer,2012-02-25,UNKNOWN
777,Casey Jackson,2000-05-18,UNKNOWN
778,Amy Holmes,1948-05-17,M
779,Gordon Snyder,1943-03-11,M
780,Tracy Hall,2018-04-13,M
781,Unknown,2014-10-20,M
782,Christine Simmons,1967-01-25,M
784,Edwin Luna,1925-06-14,UNKNOWN
785,Tammy Cline,2015-08-01,F
786,William Flores,2012-01-05,F
787,Elizabeth Smith,1946-04-25,UNKNOWN
788,Dale Vang,1971-05-18,F
789,David Cooley,1997-01-15,M
790,Karen Alexander,2019-03-03,F
791,Amy Stanton,1930-07-28,UNKNOWN
792,Kevin Lawrence,2022-02-23,F
793,Unknown,2003-09-24,UNKNOWN
794,Andrew Anderson,1956-05-09,UNKNOWN
796,Rachael Green,2000-05-18,F
797,Kathy Pham,1979-09-03,M
798,Cynthia Burns,1986-09-13,UNKNOWN
799,Kimberly Sullivan,2010-11-10,F
800,Douglas Terrell,1938-09-09,M
801,Angela Proctor,1959-09-25,M
802,Sharon Williams,1977-06-12,F
803,Dr. Matthew Russell,2013-10-31,UNKNOWN
804,Don Goodman,1967-04-12,F
805,Gabrielle Stanley,2015-04-02,M
806,Joseph Fox,1958-04-14,F
807,Tyler Robles,1938-11-15,UNKNOWN
808,Katelyn Chandler,2015-05-19,UNKNOWN
809,Justin Taylor Dds,1947-06-10,M
810,Bailey Scott,1958-10-22,UNKNOWN
811,Kevin Reed,1987-09-24,F
812,Cathy Cook,1959-12-23,UNKNOWN
813,James Avila,2024-07-17,F
814,Matthew Anderson,1973-05-10,F
815,Andrew Patton,1979-03-24,UNKNOWN
816,Michele Jones,1939-03-22,M
818,Mark Buckley,1940-07-06,F
819,Ann Bridges,2016-01-06,M
820,Mr. Gregory Russell,1989-11-05,UNKNOWN
821,Matthew Moon,2016-10-02,UNKNOWN
822,Todd Dodson,1935-10-07,UNKNOWN
823,William Jordan,1959-03-26,UNKNOWN
824,Lisa Chen,1995-02-10,M
825,James Reed,2001-02-21,F
826,Brandon Navarro,1940-06-30,F
827,Amanda Scott,1960-12-22,M
828,Gene Maxwell,2017-09-20,UNKNOWN
829,Andrea Johnson,1930-08-31,M
830,Jerry Mccarthy,1939-03-02,M
831,Unknown,1935-04-29,F
832,Tammy Clark,1949-02-04,F
833,Brandi Hernandez,1930-03-08,UNKNOWN
834,Unknown,1990-03-09,M
835,Nicholas Mendoza,2007-10-03,M
836,Patrick Cohen,1963-09-06,UNKNOWN
837,Thomas Browning,1945-05-26,M
838,Lori Howard,1926-11-17,M
839,Unknown,2009-10-20,M
840,Joshua Hudson,1935-10-14,UNKNOWN
842,Unknown,1996-12-30,UNKNOWN
843,Danielle Jones,2008-07-02,UNKNOWN
844,Alan Mendoza,1929-05-11,M
845,Carlos Nielsen,1970-08-29,UNKNOWN
846,Gabriel Ibarra,1999-11-21,UNKNOWN
847,Katie Pitts,1966-07-07,F
848,Pamela Johnson,1929-01-07,F
849,Michael Evans,1994-10-31,F
850,Rachel Lopez,1943-08-22,M
851,Jill Garcia,1949-03-15,M
852,Paul White,1958-06-02,F
1,Nancy West,1957-11-27,UNKNOWN
854,Kimberly Davis,1999-06-17,F
855,Jennifer Powell,2001-03-31,UNKNOWN
856,Samantha Fleming,1991-08-02,UNKNOWN
857,Megan Bowen,2010-07-21,M
858,Debra Mendoza,2019-10-04,M
860,Victoria Lopez,2010-06-02,M
861,Ashley Haynes,2014-08-26,M
863,Jennifer Rhodes,1968-05-08,UNKNOWN
864,Austin Fletcher,1951-05-06,M
865,Christina Rich,2011-10-15,F
866,Dr. Steven Santiago,2018-01-08,UNKNOWN
867,Brittney Lam,1969-12-08,UNKNOWN
868,Keith Wilson,1957-07-03,M
869,Thomas Barr,2025-10-12,M
870,Dr. Judith Marks,1991-04-04,UNKNOWN
871,Mr. Samuel Martin Dds,1969-09-14,F
872,Jose Jensen,1934-02-25,M
873,Karen Smith,1992-01-12,UNKNOWN
874,Unknown,2021-02-27,UNKNOWN
875,Jesse Kelly,1970-09-09,UNKNOWN
876,Matthew Vasquez,1998-03-11,F
877,Amy Kaiser,1966-09-17,F
878,Sara Jones,1954-08-30,UNKNOWN
879,Misty Hall,2012-12-01,UNKNOWN
880,Michael Mendez,1950-05-27,UNKNOWN
881,Franklin Freeman,1940-04-28,UNKNOWN
883,Debra Taylor,2023-11-06,F
884,Cathy Hoover,1981-12-07,UNKNOWN
885,Martha Davis,1996-03-16,UNKNOWN
886,Jessica Rogers,1952-02-19,UNKNOWN
887,Jennifer Walton,1985-03-06,UNKNOWN
888,Unknown,1973-05-06,F
890,Ashley Camacho,1987-02-10,UNKNOWN
891,Linda Smith,1977-12-29,M
892,Sharon Roberts,1985-07-16,UNKNOWN
893,Patricia Williams,2019-07-27,M
894,April Williams,2001-12-05,F
895,Ian Thompson,1995-09-09,UNKNOWN
896,Bruce Berg,1940-09-24,F
897,Nancy Beck,1938-02-28,F
898,Jessica Carter,1991-08-26,M
899,Stephanie Rodriguez,1995-05-03,M
901,Rebecca Gamble,1926-06-21,F
902,Carl West,1998-02-27,UNKNOWN
34,Erica Nelson,2006-09-17,UNKNOWN
904,Benjamin Douglas,2003-05-25,F
906,Unknown,1963-05-22,F
907,Michelle Keller,1997-03-08,M
908,Kelly Davis,1947-08-19,M
909,Jonathan Garcia,1935-06-19,F
910,Jeff Moore,1945-12-25,M
911,Amber Bennett,2016-06-29,UNKNOWN
912,Glen Owens,1957-01-12,F
913,James Mitchell,2022-09-04,M
914,James Richardson,1945-02-17,F
915,Amanda Higgins,1969-06-22,UNKNOWN
917,Randy Bailey,2024-04-30,F
918,Christopher Evans,1969-02-05,F
919,Julie Bishop,1943-12-25,UNKNOWN
920,Daniel Mann,1994-07-09,M
921,Brittany Martinez,2004-05-07,UNKNOWN
922,Peter Rivera,2025-10-15,UNKNOWN
923,Selena Fowler,1947-05-03,UNKNOWN
924,Phillip Larson,1944-10-15,F
925,Paula Mcclure,1930-10-28,F
926,Lisa Holmes,1971-04-27,UNKNOWN
927,Miss Heather Jackson,2008-12-19,M
928,Vanessa Meza,2016-06-28,UNKNOWN
929,Katherine Russo,1983-11-16,F
930,Michael Williams,1972-10-30,M
931,Julie Wallace,2020-08-10,M
932,Kristen Hoffman,1963-09-17,F
933,Perry Pena,1978-01-06,F
934,Cindy Miller,1979-07-25,UNKNOWN
935,William Carrillo,1970-01-24,M
936,Roy Mcknight,1966-02-19,UNKNOWN
937,Debra Garrett,1989-07-08,F
938,Raymond Smith,1971-11-15,UNKNOWN
939,Matthew Bates,1977-09-20,UNKNOWN
940,Mrs. Leslie Clark Md,2019-02-05,F
941,Cynthia Cline,1942-05-11,UNKNOWN
942,Michael Barron,2007-11-24,UNKNOWN
943,Austin Martin,1988-10-13,F
944,Unknown,1930-02-11,F
945,Michael Lambert,1973-04-01,F
946,Christopher Chavez,1954-10-15,M
947,Alexander Jensen,2000-11-01,M
948,Sean Gentry,1927-11-21,M
949,Blake Glover,1937-12-27,M
950,Albert Fisher,1997-07-28,M
951,Unknown,1953-04-16,F
952,Megan Callahan,1963-08-26,F
953,Ronnie Freeman,1933-08-28,M
954,Mr. Joshua Miller Jr.,1983-07-25,F
955,Ashley George,1961-08-21,UNKNOWN
956,Michael Carrillo,1986-06-19,M
957,Cheryl Clark,1964-01-27,UNKNOWN
958,Shelby Stevens,1938-10-13,F
959,Brianna Davis,1999-01-08,M
960,Erik Wilson,1981-06-10,M
961,Angela Miller,2022-06-03,M
962,Cody Young,2014-09-28,M
963,Kenneth Nicholson,1940-04-25,UNKNOWN
964,Jorge Murphy,1960-04-28,UNKNOWN
965,George Christian,1971-04-02,F
966,Kevin Myers,2012-08-07,F
967,Jeffrey White,1949-01-13,UNKNOWN
968,David Carney,1936-01-14,M
969,Unknown,1967-09-25,UNKNOWN
970,Jennifer Hickman,2003-03-01,F
972,William Lynch,2003-08-15,UNKNOWN
973,Tina Duran,1998-10-21,M
974,Allen Neal,1992-06-05,F
975,David Harding,1934-11-07,F
976,Theresa Mitchell Phd,1962-02-05,UNKNOWN
977,Christine Williams,1971-04-19,UNKNOWN
978,Erika Mack,1932-12-28,F
979,Deborah Hickman,1958-06-01,F
980,Christopher Olsen,1989-12-16,UNKNOWN
981,Kristin Crawford,1938-10-29,M
982,Joshua Thomas,1977-06-07,F
983,Raymond Morse,1975-07-10,UNKNOWN
984,Carla Garcia,1987-09-22,UNKNOWN
985,Rachel Bowen Md,2016-03-13,F
986,Casey Pratt,2002-09-27,M
987,Jeffrey Willis,2012-08-23,UNKNOWN
988,Heather Webb,1992-04-06,UNKNOWN
989,Chad Green Dds,2005-05-02,F
990,Jason Hooper,2017-09-25,UNKNOWN
991,Kelly French,1988-09-20,F
992,Jose Ray,1945-05-16,UNKNOWN
993,Linda Navarro,1936-11-17,UNKNOWN
994,Kristy Heath,1980-07-25,M
995,Linda Perez,1978-06-01,UNKNOWN
996,Unknown,1950-08-05,F
997,Joseph Larsen,1980-08-21,M
999,Julia Levy Dds,1953-08-20,F
1000,Monica Smith,1985-10-05,UNKNOWN
1001,Casey Smith,1991-02-07,M
1002,Erik Evans,2022-06-23,M
1003,Jo Howard,1929-03-03,UNKNOWN
1004,Unknown,1953-04-23,UNKNOWN
1006,Tammy Byrd,1996-07-08,UNKNOWN
1007,Pamela Munoz,2020-07-04,UNKNOWN
1008,Unknown,1983-05-01,M
1009,Kevin Walker,1999-06-10,M
1010,Andrew Thomas,1982-12-05,M
1011,Mr. Kevin Foley,1961-01-24,UNKNOWN
1012,Emily Paul,1944-08-26,M
1013,Joe Wilson,1985-08-29,M
1014,Austin Brewer,1929-01-21,F
1015,Christy Noble,1933-10-28,M
1017,Kayla Jones,2010-02-20,F
1018,Katherine Shaw,1994-01-15,UNKNOWN
1020,Shannon Delgado,1980-05-12,M
1021,David Andersen,2013-05-13,UNKNOWN
1022,Jennifer Stone,1960-05-15,M
1023,Brian Montgomery,1991-03-16,M
1024,Vicki Hernandez,1985-11-18,F
1025,Jerry Stephens,1950-02-22,F
1026,Ann Jennings,1927-03-18,F
1027,Abigail Alexander,1994-05-19,F
1028,Mr. Jaime Rhodes,1930-04-24,F
1029,Anthony Tran,1998-06-27,UNKNOWN
1030,Terry Livingston,1926-01-12,F
1031,Michelle Ferguson,1951-02-06,M
1032,Michael Johnson,2016-04-04,M
1033,James Anderson,1959-11-09,F
1034,Grant Mcbride Ii,1936-06-12,UNKNOWN
1035,Robert Lynn,1996-02-08,M
1036,Nathan Baker,1948-05-26,M
1037,Julia Michael,1963-05-05,F
1038,Aaron West,1982-06-18,UNKNOWN
1039,Unknown,2015-05-27,M
1040,Selena Harris,2020-05-19,M
1041,Janet Smith,1949-12-16,M
1042,Unknown,1929-09-07,F
1043,Linda Hernandez,1955-12-06,UNKNOWN
1044,Susan Boyd,1982-09-17,F
1045,Unknown,1982-12-25,UNKNOWN
1046,Bonnie Odonnell,2004-08-20,F
1047,Carlos Banks,1974-09-15,M
1048,Victoria Perez,2011-07-20,F
1049,Barbara Wilson,1999-02-26,M
1050,Robert Delgado,2019-06-26,UNKNOWN
1051,Shannon Mcfarland,1991-07-12,F
1052,Misty Porter,1960-03-28,F
1053,Timothy Brown,1980-11-25,UNKNOWN
1054,Dawn Stone,1948-09-24,M
1055,James Cooper,1996-07-11,M
1056,Daniel Rice,2005-08-11,UNKNOWN
1057,Maria Mckee,1954-03-25,M
1059,Jill Hernandez,1939-07-16,UNKNOWN
1060,Chloe Sellers,1946-06-12,UNKNOWN
1061,Unknown,2022-08-22,F
1062,Tanya Jenkins,1939-03-09,F
1063,Erica Park,2012-08-23,M
1064,Unknown,1960-01-15,M
1065,Laura Chapman,1960-10-24,UNKNOWN
1066,Jose Campbell,1986-04-29,UNKNOWN
1067,Madison Hernandez,1972-08-27,F
1069,Unknown,1936-02-23,M
1070,Tammy Johnson,1951-07-09,UNKNOWN
1071,David Mathis,1964-02-02,UNKNOWN
1072,Amanda Ortega,2006-09-25,F
1073,Makayla Mcdonald,1965-09-29,M
1074,Derrick Hanson,1953-01-17,M
1075,Megan Adams,1982-08-09,M
1076,Denise Martinez,1948-01-09,UNKNOWN
1077,Shelby Mills,2021-11-11,M
1078,Stephanie Morgan,1941-02-11,M
1079,Terri Miller,1953-10-31,UNKNOWN
1080,Sandra Richmond,2013-01-14,UNKNOWN
1081,Joy Coleman,1950-11-11,M
1082,Sandra Prince,1949-08-04,F
1083,Danielle Peck,1972-12-19,F
1084,Scott Jennings,1999-04-13,F
1085,Deborah Potter,1959-02-28,F
1086,Darren Terry,2014-11-29,F
1087,Gloria Matthews,1946-11-13,F
1088,Jesus Gross,1990-01-30,UNKNOWN
1089,Nicholas Neal,1976-12-01,UNKNOWN
1090,Michael Alexander,2002-04-28,M
1091,Janet Thompson,1934-11-02,UNKNOWN
1092,Unknown,1947-01-08,M
1094,Peter Stevens,2025-02-28,UNKNOWN
1095,Roy Nguyen,1955-09-03,M
1096,Edwin Taylor,1966-11-02,UNKNOWN
1097,Megan Morrison,2011-05-29,M
1099,Charles Kim,1963-06-22,F
1100,Christopher Williamson,1958-01-23,M
